emmamhodge	221139870
BearlesqueO	1031717026589548544
ThePJBentley	2544886351
nessey2	16653231
joelkinnaman	756503993313062912
rhiannajclark	869032472654303236
Steph_Sukow	299435398
miseriavolare	28340225
troo72	15058998
TreeMcNulty	363121403
AliciaLove	16889257
wnadrivemylex	798396803498541057
AJLoCascio	339933856
McCandlessssss	723014278626734081
AndreaChalupa	34792486
i_am_MzTiNa	2965276457
MaddiFreundlich	1022606894291136512
jaimeejaimee	17544123
paradis_robin	1499269170
DanaRSpangler1	844386523311067136
MayemSnyph	48177632
jwgnr09	2910489956
AskFuhknJeebz	4760970976
KPanderson	16165153
ECTechnologist	889842661502439424
OHPDPS	960913923200503808
CarlaPeele	1695206131
kissyhjapan	985605761974853632
Vivid_Emma	2154000222
Just_Jyn	27281167
sumaleedotcom	27765070
AvaAvaAllan	462968140
DCCheerleaders	89526339
EW	16312576
patrickoyulu	36373890
sfb45	838031722847567876
martial685	32625397
DaCurbStompKing	3775416869
Bro0klynFranco	987773743433945089
__aprilsanders	2830945935
miyajones1996	1016383597
helveticaboy	4185890414
odalis_ruiz	563296671
msbeekie	363312520
Zaxbys	365456712
ruinscompany	360955217
PhilMaves	50517128
abigailhyde171	1044737198376067072
GeorgeHistory	3068522790
TreyCalico	234890425
linseaford	40789546
TSA	414331122
LeahLightsOn	1569544344
Jill_Be	21120665
chrysta10	22645697
jdhoudek	62895270
everly_lucas	757364888452804608
OH_Schmidt__	878610397
breezyxjunkie	429416375
Awkwardly_Joce	1417188648
shamber121212	1394533573
donita01583265	555489955
TechDeals_16	715198343001952259
MattPrichardTV	259100812
Jen4Jolie	107266253
ChrisShehanArt	38591807
BigmouthBgbelly	501762309
Iration	15869311
IcedTea17	58169364
litesugar	18419813
mode337	607720952
spucygenda	105671803
KamenRiderCorn	101949973
JessMarieGarcia	79281289
PageSix	182107650
beattyful	17503693
holdenwhite	183516837
Deirdre10025Rad	2201288194
SPARKLEDOGCORE	2268157932
music4ever77	509111140
SmutWithPlot	97570266
VielkaCecilia	779416446
johnsaveland	123382405
BDTeej	283306509
udayd	18562038
KL611	859242368
coriumcori	1069641168
SmallishGiraffe	958394995
fitzyMFNcent	456274497
Ole_Soul	32824124
oh_em_rochelle	15771549
MissLola	458768287
petedank	899101648638881792
srlOctober23	768519733154947073
quelllzz	882750291732570112
DrNunnja	877224515658555392
jennifergarlen	85877924
jrodackles_	3218099338
abc13houston	16247383
Blaircaldwe11	42179741
daydreamingnerd	1018646171584204800
ms_marylane	152443859
broadwaymethod	752199241808879616
buffygirl2009	155404660
netta_doc	223331992
LostReach	26795888
_lpnavarro	3232015662
linkou57	95261330
black_baymax8	76705091
RevDrDrPhill	261320586
SfgoSue	2869795800
ZAMBRANOstyle	2860935622
lalaboo62	3379870948
_im_Addictive	48127617
xarbird	971983018700111875
Halsey_Babyy	731890141
motocoaster	1148189335
NomdePlumet	224159098
randyxbear	28237788
gotaspendapenny	26343754
JustJeo_	435522671
dethebest007	849093123221409792
sarahdunavant	598625179
_outrojjkoo	3023193848
BluePointBrewer	33951018
PupShepardAD	305776683
wizardshinwon	952286470357778432
KemahZinnah	314869234
OrtizResend	788386790
rosiiedr	3319274241
ranaia2k11	253265022
JSe3ow	559621972
FibreKitty	1072802917
chronopolis	26156008
missmelissa390	960743828
caeserbug	860523773195411457
ria_tee	118017264
violetblue	5062341
MatFrancoMagic	280770927
Heather_Navarro	312323662
WilbanksJacelyn	1600134836
aaburrito	54674573
jetusername	1053698827956318210
HollywoodRecs	169572927
dickbuttify	1012515253672972288
tonyaw2021	1018186971917836288
CLOS_M10	340984920
suzukitten	3286027400
hopebarton2014	3029181
DarcelCatrina	31678522
StacyMacKeigan	341245482
BrandiYams	1002600171384033280
strawberrryhaze	1033859135299874816
CavemanOoga	3238993858
chiggin1	47153767
Tisneither	2347481064
theeSnyderCut	705153916883734528
Opferziege	766707694027829248
JohnDaust	397021923
BroadcastSarah	180230768
93ALT	471556851
jeff_freitas	21032053
GiveMeYo_A1	387568852
ChrisKBills	43191430
dont_growup	2693744852
AbbyKirkNews	873279629360078851
JcliffyHuff	25470650
JakubDublinInc	362255206
Stasia_M	52458753
Salvii_Cece	217313852
bloodymagus	351609314
rmagency	615248733
Phdelicious	104160802
DestineyTyler	48645518
grantstern	19422491
Nerutheokami	1059215602563321862
hilhonnette	388057805
kay_em_ess	18868176
lullabyali	596715698
jlyjenny	3033618856
grissycast	2456529093
alloura	1587248054
klorrainecook	865396341597327360
pmr7392	3381732592
wa_lickyit	22278422
KentuckyBecky	22082725
dbarman	16785108
Vgn4Life	1300864244
EmHani04	396354593
NatashaYK94	1356742825
DrivinWMagellan	3496134856
jenniferdenali	374889060
Lauren_Jones18	878380746
kerszi	595079922
MadiPouliot	947183900337606657
LillyStairs	181735712
CPOclass	982938374796439552
Fruitooki	2892444154
CuzStoneBlind	4562341392
faberryswifts	2743097663
LiaCastro62	735833982902771712
TheRickyDavila	341190477
Happybyrdie	788798087292653568
tommyboyjoy_	881195435368607746
Jtwins03	627945169
serahsue	18061521
alishamarie28	283915091
MesaPlaysAZ	889603536429867008
gunnr_brad	354030662
xtriplet23x	272241142
mtdowns	21928586
orthokotan	830981825866502144
CPI_foundation	2884010290
spaceeeghost	4895851598
AriesTheRapper	2871437079
VictoriaDahl	15567729
KChervy	997199399527821312
ahintofbrandy	123799563
mnhippi	4315347973
arieljanae_	575441579
LauraKudey	917538730130530305
kellythescorpio	46808982
GraceManas	4700459623
stacimartin99	733910928
ArefaMD	3087504287
BXVirgo	824112427071574016
Mosqvich	23371095
mikayloveee	566481386
NaturallySusans	248969351
mrsynister	18792291
miriam_soto5	2894936426
SweetMelody06	253279710
scoopermomma	1663236625
queenkay0933	1048042481030500354
kikoteicosplay	1650929089
urfave_leech	1077903596
BrandyCooper26	703623798117957633
BillNighthawk	1004130605473435659
SteveGrandMusic	399791192
LoveandSwain	2174146133
AboutBeverages	45018861
shrtck	36605068
Philthyvt	43829892
GSoteloT48	207230940
HeDaqing	1183132758
omendreamer	216966241
hnewsom02	416421857
anirocinagust	993684317321674752
thenolan	143169494
heatherarbiter	22434235
reepblue	1497578232
ThisIsDIM	3313899569
_Swagtacular_	67835139
aprilrenae	19274721
ashestoashley13	1414690890
BrittBourgeois	123731189
beagle_the_ruby	1050791452555575297
SamWISTV	2686238562
SimpScar	75089469
Roseilient	2790308963
AlexNSanDiego	368716730
evesauIt	3311854611
Ahsoka323	909631548462391297
MadisonBerrong	165509266
Graceb118	96680816
whippedsilk	33318709
kellengoff	97852950
valens	2891169758
jsparkblog	2792333534
MaryRissen	331094411
SantaMonicaLibr	47677286
coriransdell	1186864134
odesza	606770013
raceryayo	2212873400
cecetousey	66085893
MadRoseHatter	820307808772116482
KUTVRon	540828831
BowlerHatTom	941894316628238336
MattHeilMusic	155591271
_itsjessicajay	307570004
kianataba	330063282
Chicanallama	766169731804037120
Sweet_est_Thing	189205367
LaurenSteenhoek	453552110
wemapthestars	22383694
BrendanKirbyTV	44511572
GeoAndGracie	2887998839
gilmerdairy	23841714
DiorVargas	170456414
itdosntmatr	194285805
ladysmith105	219036257
lizcopic	15021310
nerdcore_dave	459699559
GoGrrlsNation	796542685259644928
ctsinclair	17206739
thewritingj	41800301
voxdiscipulus	782689039170187264
chezdanisse	47261274
TylerJRoney	24651716
ZombieQueen0518	2182541744
producer_peggy	804269049177931776
mixcolorsocks87	1005465137011216385
cautiondreams	1604496552
getlowtaylor	17946801
kvdubs	38570778
natespuewell	4822119385
TilapiaChick	1001035760
black_canary02	95582321
mle428	30306186
Traincrossin	70148655
bonniegrrl	7081402
JBinAV	27530219
zac_smith1	26340331
tyler_levon	3051913177
TheChrisVroman	35045976
jsailorrr	331945815
MattLoki	3180733420
kvtybox	847622337402818560
cowgirl19114	2300345411
leigherickson	73799841
LilyMoayeri	20297608
msgravesfrype	1004473441666387968
asalagiri	3506959932
strattdi	608703511
DandelionApril	624384828
JohnPietrobono	454944488
kimmiekubs77	111157725
JROB04	17022296
Bibbish	31635121
markmanio	355629838
vmpyrdavid	186430855
_BillGarrett	1042856099425116160
ithebasedette	410012918
SoniaAnanti	52095910
GreatTimbini	17032624
AmberKB	24708125
juliascribbling	79222767
iAmKelsey91	36845256
MKLedbetter	794333071
DittoUmbreon	1029068655454310400
laurahunsaker	226074681
ldsharp62	752289795922071552
MissyMcPeek	312317359
ATL2COLA	754782754315927552
bazilt0n	1381204130
musikell	155988151
ItzJess_15	2569872038
davetheUseLess	1573880288
Mattsoundguy	46951205
HistoftheBatman	2964867014
Joanna_Austill	500364546
its_oddish	1048009712686362624
lishalishious	20202586
GloriaSol_	196400923
fall_Pardoodle	1053083359503704064
Whanna73	27175575
TheLadySamurai	1271396162
adashelbys	48572467
suellen6786	356949228
DesignBergman	1059670242283212800
bethanyallman	358980227
EvitaScarlett14	1267307582
kelsnicholle28	996862298043056128
Vicious2707	372579816
jda	790984
sararpeak	85849750
thatgayjedi21	433838884
jlcanty	16788346
SidewalkSciGuy	2551758512
BascombsBeasts	1926987595
Da_Nerdette	299714179
adjordan	253647516
redhott99	87519388
CrymsonVampire	116620340
_ElevatedMind_	193787869
jin_moon7	3345770314
EJVelazquez7	3245421023
taiduohua	730974541019762688
edgar2be	2914151022
Yogini	5869372
MistressLule	176825715
RedhoodedH	1055648983765450758
MonicaMonicawt1	514012954
LadyAlcestis	812465328575971328
GlassesCait	383546358
shecantdraw	16556561
Hannah_Hughes19	264462196
laurareavis4	1031523147605073922
karen1_lopez	1967900436
A_Penny_Peachy	1021779581609496576
Mrs_CoachT	512076590
Serenity_80	295253004
cherokeeclare	156039570
djbenharvey	21797410
kateengland21	2878313230
Matthew_26	9134532
thedrewlife	169291336
BChill728	42733384
AnthonyyTooDope	302747809
LCvonHessen	606690028
Katx123Martin	3063325298
portalkatyperry	156004026
hale_bales	2620548283
WinterWestt_	42656200
TheKFV	277798126
CirielloNina	735640601186697216
megalorain	1488812064
studentstrikes	2215519681
casualken	16373698
theperrydise	65725689
Rebelesq1	26121455
iiBMO	699298818446102529
News3LV	17394793
KickAshWinn	568658907
RicardoAIbarra	788352252
P1SlashGirl	266529063
acessokpbrasil	3708119172
natehuffx	88089846
ChangeTheRef	969688546373193729
ChaleyRose	45691324
salmathabest	2461944546
LoLo_V1983	809621142
cmartinezisrad	76525751
purplehearted7	627916094
NYMetroVets	499350129
queennn94	93511802
CaleighPaige22	255848723
Hillary__Ann	735940046
yuzufly3525	964537097750278155
LuluGodiva	22097799
LinaDee03	68848152
VapeHop	1473504722
kevinhelgren	469615136
erinnnkutch	101616311
justcantethan	2444756510
couldbraveitall	1416682046
VialNite	935986137105141766
TishaLewis	23912997
lilibethstar	18919909
overbrickwalls	407708509
Harmonizer91	3053299220
traceyrog8	209696036
justmewese	745444262183985152
kingsleigher7	1004786212534652929
BestForeversPod	883154198539513856
abc7ellen	1091032231
TsayPA	62208888
TheGreyKing92	1141425342
dereknochefranc	129975259
monie724	153628643
kellikins84	25596585
LucyLewis37	474542469
drkristinediaz	836049182
MovieDude543	727379771202650112
myhipsdontlie	29030269
BellamyYoung	429298552
BeautyChaotic	16102982
jflight007	23469081
____________CYN	521374216
ashleydicicco	251950600
Matty_N64	755166367
Alpha_Aguilera	822154440
evan_piche	866046558688624640
damianicus	475612129
m_adam	25031681
Sparkthedarknes	121976910
davidaprice	6319262
stephofansyhuh	2317706863
liliorum	304074287
msauger	20518593
Darlabee_	944828137115750400
internetuserc	2450443952
kikiverde	14605524
PhreshxBear	2279964734
ChaRLeZHuSsLe81	121553849
zentients	3101950833
CPSNetwork7	3349157019
kajebird	836197534678798336
grllamvmnt	156170618
CsmicSeaTurtle	925405442582433792
_AcaciaNicole	298796226
EducatorLilibet	1685912780
TheSWPrincess	815708250217840640
msmarleny77	1003139262
Normadbeliever	4882303294
Speedlemon	196913758
iamAWESOME513	822802902
imcarinromero	4439169315
MostAlluringEl	893818604038352898
sofia_rochelle	2440873997
coryeliz	297054284
allmarineradio	702757902176522240
AJaeLugo	135593450
RicofromTheU	24341669
councilofgeeks	14775053
ironsevs	3635875155
Spacey_Jones802	436459494
jenrhino5	2792776968
bluerevivalnyc	838879839956447232
SuperBrewster	142886991
rebeccaanne3	28405572
CherilynnCheri	2540707927
BreAngelec	136445310
KSITESL	1924692518
britlariosss	866291723886104576
amethyst_idk	842498507370102785
J_ARamsey	771910240736456704
asflores1981	3697768212
RNewengland	1008693652506411008
marialantz7	747947984
ACJonesMusic	528140390
Crypto_Grit	944223835381030913
spaceboundiza	244328573
DerrickTVanWyk	1340558023
MissMindyRocks	883526536095313920
MrDurbsStagg	1665704966
steflorello	525415257
CuntyMcCuntstie	826253642256707584
AwaltRaelee	1053492018431844352
JCHoagie	37939506
jennaezarik	6015992
CivicEducation	68835796
Alexxis_Patton	865972898745511936
WithLovePru	31659784
rimahadley	4197005714
findingallie	287388715
Beyond13Reaper	2440731044
taissafarmiga	445659911
DarthExecute	2222629266
fresitacastillo	202373846
LifebyChellie	14642031
AKindessPunk	958280370268512256
philobaza	275445040
pamala4kamala	21806047
XO_PCStyle	636571021
DavindranauthS	832796596030943233
worldinmyeyezz	4242437598
SnoopEastwood	881736770462769154
madisonshumway	636797772
marisaronis	101404166
DonaldsonErica	369091077
jasoneastburn	4572735689
nicmanz15	56511431
FeeleyMeghan	2518685834
MissyXMartinez	221923240
Middnite	539683810
micahsloat	18643455
Qui205	872900082366124032
CAJones0989	960975747841081344
An0n_American	484229824
SuperCatDansen	878081471638114304
megngarnett	33724970
tina_boll	818457063768657920
PeterPerfect09	21702988
LaraRomary	70789063
ldeap3	636423566
Timm8o	816349509747875840
whitneyd	775688
SEMSLibraryLady	115488929
ReiiMiir	3298457087
psychofan	33868345
msmcintyre24	2784294312
LanceTheDriver1	238370072
TheWidowJones	16454756
jazmingiana	2962059426
christinaTVNews	368400675
dCteash_2007	106971837
TeeOhEmm	20530887
jasonGRIN	378968051
lioness_0820	294454420
jsi_wmn	1034491013547491328
michaelapippin	427726150
Sierra_Marlee	2790949520
laurensh3pp	2334430902
SassyRhodes06	26557537
baleadalover	2868500374
AllieMatye	1419798235
johnsoncp3j96	377197509
COOPD8710	930136395984850945
CrisBlackwell	344957647
MeganKyle91	485542031
ImSoFarGone24	386884661
Jayne720	20889358
Kelseyf528	157834629
Tess837	19251261
chelsvoulgares	239046798
Serendipity33	23983615
Goldenchoisan	1894579686
cj__ang	1051561911953707008
ShanaraG	20951110
PatrickRenna	111806263
gmajor90	19516866
sugarboxdonuts	82466476
vampiregriin	24800126
oldtiredfeminis	826289589597982721
createdbycleo	959870242603307010
TomKaczmarek62	930673998
raindanceaudrey	1072019347
c_hain18	4874452187
Kinglosoul	1036488073909952512
daisysinej	761781264944947200
TheKodamas	717935289314881537
Balbinka_K	954092835703107587
MacSketchyArt	2986569309
Lowco2525	2363050610
Alondra0692	1516054051
aWiseManToldme_	262728421
Mely0628	106477762
tanderson9	32764817
LittleLynch23	525957777
JodiCJudy84	3413007975
Dobieblue	37289070
andetlefsen	711933627840344065
ginae620	71899427
SallyDeal4	817825066993860608
shewantsmusic	1290725222
CarrieCheevers	2207976528
ChristinaWill54	478253681
MrCoachEli	2869102388
alihuneke	4922152180
cierra_branee	1053121278
PirateOfRohan	387391982
josierenee27	1882638007
Shaundalorian	4740293280
TYREN_FOX	68632488
MrDanzingerWMS	1016465817729404928
Athena_Z19	2882007335
stoax38	1159341739
MsVeracruzV	985684374
jessEST27	1008758327390720001
jmbacon21	20022170
kirstenrnigh	912719028761894912
benpatrick90069	37376499
DHAmerican	2536267451
teambrwnapparel	788107421629591552
sassybritches05	71879811
judecazares1	1653301352
MrsJungHoseok94	911750040481402882
Iamjordanschatz	32142397
metrostarshipp	32791867
Goufunaki	90779532
BAULAPARRANTES	327739087
RyanDestiny	63663664
yzzilyzzid	14759716
MrsSBillings	901454915536596992
mrsperez79_	1003000746
TheCarly_Martin	1961913126
thatvochick	851286217656156160
hookmagic	29313576
xbooerax	930854108130660360
CaptDem	2337177757
mrslentils	18037892
ClareKramer	24704505
gw27	18818334
mikalamarlin	3128704076
_rosalinddaaa	536119407
ivahnalevine99	3214987108
kangela21	2837215994
PROMETHEUS_44	40540760
Nickyb_04	134249607
wilycyotee	248259880
kylee_mrussell	1961963880
danixsprouse	996605688
ACPNEntNet	338809128
fuckcancer56	1030581959305703426
LilyandGia	717006251880759296
bcruz0915	249416185
honeysgucci	403673193
drewBbalis	230503193
Ale2585	122325115
lizaroyceagency	807369440
GamingPixie	127266092
blissfulnight	385261848
GenderIsOver	3244979308
HEATHEREIGN76	2998988795
xingou	17102095
DeanaElmore	1586866710
veronicah4515	1191874322
hernameiskayIa	1308816750
RussPalmer	17584695
sarah_cole	25098285
SeanBlader	20217847
LtCuppycake	68518123
bbyd__	329820203
mleestiles	37253297
quinnheraty	35784191
oscaaar_32	4635106932
sixftlori	25571322
qbrivera_4	4500784813
I_in_Distress	229217204
__gc12	221617032
sniperdawg	2241411517
davidkonig	27122260
ModelsPv	969671878909538304
haezyll	824470406581018629
PoshyKimW	951701107075571712
Teesa_Michele	492202782
SUNDVLS	97378902
AnnaMillet20	1244978066
TheyWantAsh	433055813
shells_14	1703260039
SignyTheSage	1441596062
TheBaileyRayne	2312563609
k79111087	1032447427113099264
darlingchandIer	2676605277
singindiva80	580528495
meaganross22	1051157340307841029
juliemmagnuson	853720501
MeghanCSull	1686391915
jrdagreatone	439689870
sweetjane	4626581
jessicadiamondf	28137685
DeAnnaGurung	25021873
DenDotson	836570682
CNET	30261067
Mteuzi	14865512
ChrisOrihuela10	1732204915
thechefupnawth	176215212
TheOtakuKing	784198646279483392
sharonstone	1949906586
harasu_onigiri	132753968
Lumines1313	3835331488
alic2583	69474732
antman8o8	25068919
YunFang1130	1566847392
kristenstew1fan	24000400
lifeewasawillow	243847094
AnnaKFaris	78071252
StephNLieb	90495080
rishipatel05	1002521412815314944
SkolMarketing	930995682
jenevarosebooks	32637986
AFunderburkArt	2781217916
tonytwt	62886808
scarlettrfranks	797220937158397952
bunnyear77	902753563
nictoonie	449993834
JoseMayoV	1062398648
LoriMagby1	3722958614
Rictar_Rat	133874562
bennybijou	17553876
_Xoxotaniaa	1086823513
gillie	781613
friedunicornstu	752431664085671936
AMCWOMENSSOCCER	50082596
apls452	183306644
gizmotrinket221	1624469346
funshinebear19	785291299737919489
RoyalToddlerNae	29733512
BuffaloHeadroom	887776427596292097
HurricaneMarian	44154169
Rennibeth13	247594391
vminspuppy	914266687309987840
RussFacione	166652032
NancyWilson	372905321
RuhButtKuh	946642110559617024
CardinalHistory	178382076
lily_CTFxC	273143486
Anita_Karr	154319481
KrlaCtine	78730828
bjhightr	477329128
ThelmaAlsetly	4774690572
Kay_Boogie	23017051
swiftcone	369734218
DNGR_Dave	2501884393
RileyRoyalxo	981973644048990208
LaMizMoreno	3146148551
elenascott4	787751112
JimmMcShane	51544563
AO_FIGJAM	301472967
conor_sackett	25927811
Hannah_Paquin	5939252
TheSheDM	196823075
luvtooteach	37240525
justhilray	17821511
Tommysprague83	2582375755
spyketyranno	3127895313
ccwoerner11	3104082426
cocodimples00	853379195690405888
CecchettiMegan	3774944236
Dylansjewell	126841376
grimygorl	3222569869
KINGBIZ	352591232
SydniAshlyn_	610497468
TimMcFarlaneArt	627044662
therealwisener	736750345095942144
JDegLnghrn	182921692
Resistance48	111250814
joeps216	813750538881945601
lmk7796	137372452
AvsAngelsChick	224896747
LanaDelRae__	2418350863
IranianMermaid	32691725
overstuffedmom	413610978
ChiSubGal	44540505
BBOZZY33	46041274
BrianME18	884977178831671296
lakotarocker	39497988
brotherxsky	861731529969586176
mrsholt918	47791211
Assenaaav	25441505
DanielK28895577	1059908238861205506
_whoisROD	754731825654665216
BlairPeyton	33778945
saharafox	16209080
fischer_kb	4135421302
editor_caro	24009951
chedj45	749115473443250177
LesandLexsMom	528912398
wickedsheeran1	2767474511
KariAnnLarson	1853123306
Tanuyeiro	173506425
_syddk_	149049954
RozNYC	236435263
theMrHall_AHS	758022419592257536
MsMann_1989	895800409759117312
SarahMichelleGG	399006014
supercrossking	99957781
alixrose	17350839
STPBISHOP	104913784
askashleyp	205483407
FrauPaulWest	3438687501
crowagencies	1237970420
Breathe_No_More	54581378
nicbgeo5	2688139866
locosfgfan	2365277576
sakakuraas	2927018102
DeezF1620	988528894352470021
jerrel	3188116284
DITRClothingCo	1002055951342485505
RN1814	34943702
neon_pineapple	783145511285129217
Warrior_Sheena	528847646
SpacekruDefense	705126546009255936
AyeeeChingona	32749939
SZSnow3	758454556560793600
ahmadalmannai	355046175
BethiePerry	1023261687837806592
magg_stewart	327190633
blancablanco	17642104
uh_livia	3010856612
sammobrien	33419685
Simple_as_diz	31480733
Angelina_crsqlo	394461338
MichaelBall_13	1722578628
kulvr	20526921
zuko538	3141092808
yohohailey	792071397350703104
AhsokaObsessed	74044254
unrepentantLady	3702501797
LoLa_4035	80753785
Iyzeekiil_DA	4505086994
F6x	5507572
ana_blaze	821917951
thealphazaida	1941669182
MikeLBWB	3259069508
froyomama	305366560
Amarisse	429840267
LA_Expression	856338681694609408
leshal1973	3973677682
eliashh77	703541202
Anndrea09	33101438
DannieHobson	23022025
caroleangelax	3355531812
ser_enigma	749078726860648448
CamachoRebecca1	2888893362
sndaygrl76	144309497
eddieliuwho	28021130
guerreritaa14	93776411
meanie_donut	2353520335
ants520	46849521
_LexiHernandez	58117144
CrystalCalabria	965110224829923328
ReehAsselstine	29173221
SD_LeftHander	38304940
123KOWSKI	4384703772
notmypp	545657271
arielb7	164020528
JORGEARMANI777	737108362026876930
SithyJediWitch	373616988
Livimbxox	1411789771
cwatsonalief	765559630667710464
iampoojabatra	159782560
Tetsuo1667	61248391
KCnTheBldg	21838050
caitlindav15	261977510
GuiltyCosplay	998406674137337857
Emeraldelements	71648657
acasonsclass	2305036753
KFR13_	592696259
Galactic_Geo	812442629384220672
LisannaB	2182325225
rocio4423	1589611442
CaseyRose407	475338877
lauralsweet	14170849
ingridmaerd	1889785170
beesaye	386326123
TasyasLinz	2724093371
ndintelman34	627730235
pinkviixen	55988973
xXLewinXx	2679934418
SNACK_BARistas	973074180768874497
Ambzzzy	311644204
ElLocoDeLaNFL	720611442332868608
_MarkWithAnM	2980573919
KiaLG	47684276
ItsJenDammit86	467772817
7makeitcount7	926635736329109504
itsalicehunter	1069264536
_sickassash	3223806835
AbraHanen	95474436
TabbyTabzTab	813828005076340736
MissNylah	29340185
0no0o0o0oo	900189491490562048
SanremoAncheNoi	70054648
Benjiuno	24823200
KariGoesGlobal	1414794427
Grimstyles661	2929174363
xoxoheborah	1634577380
AntonioCugini	574113603
ellen_again	2829176442
BlueHenRegina	968156160930074624
Elizawilson32	3289330700
FaeBae97	872964511568887809
simmyoldschool	47551535
nickbrushaber	280684204
mikeellis_usa	3001802419
Deeaboramon	53728643
Alas_Kat	1021546886451277824
Grey_Books	217319002
heyitswakefield	954486768
poutingmyg	1961461482
cynpark13	2246934348
wiccanmagic97	997790897373925377
Olesen_Ben	3317940558
SashasHandler	75042921
kimchimendez	196356335
rospiediner	824576209715556352
Coach_DDiaz	2569765470
kittenwithawhip	15682352
HysteriaCole	828329006
thebobbieoliver	256677376
whoisoldskool	788499190229901312
animecnt	821493574743142400
thatgirlMOnie	36066979
blearyed	32142977
eduardodlgd	15890025
hanny1778	990783413010423808
hobistear	1195120315
derekcwallace	95997568
lily8586	142671419
arkayuh	943372214828548096
thrllsnsplls	21415728
Rich_in_Color	1281960666
Darl1ngN1kk1	724333346126336000
TVTimeForMe	2522029904
SekeiKometto	3390100125
inkr3dibl3_k	1028519803898589184
erinliz226	31104502
sones310	120877106
Splain_To_Me	27780703
jetcitymuse	33583028
TinkerMazell	35233977
sarah310	22449784
NiNiDiane	459023288
xanniephantom	122149508
LynetteVierra	757487347
antoinette4748	375437263
gogetit2018	1034763491180261376
StephElizabethL	69331526
Vic_Stone1	1138511886
MelR0ses	4845779952
purefissure	136809383
LilLauraLiberty	768244470
IAmStevenKemp	505411683
josiefrancette	1557396157
JauntyWhisper	792007743909482496
ReyHolliday	28472333
themstems	19617864
Wiyloh_London	963784764
TravelBizOpp	964644965950377987
Theveshin	137083972
tracebartruff	780551954367782912
taeyeonako	204223574
PortalGreysA	912714908374114307
MrsGreenGifted	2802213457
causticbob	20944649
LynneMcCarthy	15536124
Naya2000	49084221
chefkaichase	97279672
briankwilosz	42697610
vegolf	267238769
Iamdandi	270001939
thewheelworld91	3131769772
pixlee	347504444
NicNac_Nole	16358017
loveIyghostt	2423909152
You_MadBroxD	327782659
GMario37	254709507
Scribomania	41270160